11/13/2016 0:00:05,@RSK_Robin,Robin Saini,"RT @Being_Humor: Hi @MumbaiPolice #salt #rumours were spread by AAM AADMI PARTY Volunteer @sachintyagica. He tweeted to create chaos, later‚Ä¶",7.98E+17,Twitter for Android,92,90,1479,0,No,21-02-2013,,Simple Fun loving guy. Big cricket fan.,View
11/13/2016 0:02:10,@AAPfool,I'mWithModi,"RT @Being_Humor: Hi @MumbaiPolice #salt #rumours were spread by AAM AADMI PARTY Volunteer @sachintyagica. He tweeted to create chaos, later‚Ä¶",7.98E+17,Twitter for Android,1779,249,1479,0,No,15-04-2016,"‡§ú‡§Æ‡•ç‡§¨‡•Ç‡§¶‡•ç‡§µ‡•Ä‡§™‡§É ‡§≠‡§æ‡§∞‡§§ ‡§ñ‡§Ç‡§°, ETF","‡§¶‡§ø‡§≤‡•ç‡§≤‡•Ä ‡§ï‡•á '‡§®‡•å‡§ü‡§Ç‡§ï‡•Ä ‡§™‡•ç‡§∞‡§ß‡§æ‡§®‡§Æ‡§Ç‡§§‡•ç‡§∞‡•Ä' ‡§ï‡•Ä ‡§®‡§æ‡§ú‡§æ‡§Ø‡•õ ‡§î‡§≤‡§æ‡§¶ ‡§Ü‡§™‡§ø‡§Ø‡•á ‡§®‡§æ ‡§â‡§≤‡§ù‡•á‡§Ç,Siculars, Khangressi,traitors shall be weed out.‡§≠‡§æ‡§∞‡§§ ‡§ï‡•á ‡§™‡•ç‡§∞‡§ß‡§æ‡§® ‡§∏‡•á‡§µ‡§ï ‡§ï‡§æ ‡§∏‡§Æ‡§∞‡•ç‡§•‡§ï‡•§‡§ï‡§ü‡•ç‡§ü‡§∞ ‡§î‡§∞ ‡§ï‡§†‡•ã‡§∞ ‡§π‡§ø‡§®‡•ç‡§¶‡•Ç",View
11/13/2016 0:08:03,@RohitKateliya1,Rohit Kateliya,"RT @Being_Humor: Hi @MumbaiPolice #salt #rumours were spread by AAM AADMI PARTY Volunteer @sachintyagica. He tweeted to create chaos, later‚Ä¶",7.98E+17,Twitter for Windows,33,98,1479,0,No,08-04-2016,India ,,View
11/13/2016 0:10:29,@rahulrash18,‡§™‡§∞‡§∂‡•Å‡§∞‡§æ‡§Æ ‡§ï‡§æ ‡§∏‡•à‡§®‡§ø‡§ï,"RT @Being_Humor: Hi @MumbaiPolice #salt #rumours were spread by AAM AADMI PARTY Volunteer @sachintyagica. He tweeted to create chaos, later‚Ä¶",7.98E+17,Twitter for Android,129,216,1479,0,No,14-05-2015,‡§≠‡§æ‡§∞‡§§‡§Æ‡•ç,‡§ö‡§æ‡§£‡§ï‡•ç‡§Ø ‡§ö‡§Ç‡§¶‡•ç‡§∞‡§ó‡•Å‡§™‡•ç‡§§ ‡§´‡§ø‡§∞ ‡§¨‡§®‡§æ‡§è‡§Ç‡§ó‡•á ‡§ó‡•å‡§∞‡§µ‡§∂‡§æ‡§≤‡•Ä ‡§≠‡§æ‡§∞‡§§,View
11/13/2016 0:11:02,@aam_penguin,Aam Pengiun,"RT @Being_Humor: Hi @MumbaiPolice #salt #rumours were spread by AAM AADMI PARTY Volunteer @sachintyagica. He tweeted to create chaos, later‚Ä¶",7.98E+17,Twitter for Android,546,1257,1479,0,No,15-08-2016,Antarctica ,#ETF,View
11/13/2016 0:16:26,@UberBird,B.N. Mishra,"RT @Being_Humor: Hi @MumbaiPolice #salt #rumours were spread by AAM AADMI PARTY Volunteer @sachintyagica. He tweeted to create chaos, later‚Ä¶",7.98E+17,TweetCaster for Android,30,2,1479,0,No,04-12-2015,India,Proud #Indian [Allergic¬≤ Gandhian Axiology] #Indology #Vedanta #QuantumPhysics #AstroPhysics #Psychology #SocioPolitics,View
11/13/2016 0:16:27,@gagan_sir,GaganüáÆüá≥,"RT @Being_Humor: Hi @MumbaiPolice #salt #rumours were spread by AAM AADMI PARTY Volunteer @sachintyagica. He tweeted to create chaos, later‚Ä¶",7.98E+17,Twitter for Android,1545,3321,1479,0,No,02-06-2015,"Gwalior ,Madhya Pradesh, India",Engineering Student/future bussiness man /RanveerSinghFan/ModiFan/KohliFan/NationFirst/Dream:-EkIndiaHappywala. followback**,View
11/13/2016 0:24:03,@yash301212,I AM WITH PM,"RT @Being_Humor: Hi @MumbaiPolice #salt #rumours were spread by AAM AADMI PARTY Volunteer @sachintyagica. He tweeted to create chaos, later‚Ä¶",7.98E+17,Twitter for Android,7,26,1479,0,No,05-11-2016,INDIA,student,View
11/13/2016 0:54:09,@VineetaKanojia,Vineeta Kanojia,"RT @Being_Humor: Hi @MumbaiPolice #salt #rumours were spread by AAM AADMI PARTY Volunteer @sachintyagica. He tweeted to create chaos, later‚Ä¶",7.98E+17,Twitter Web Client,148,132,1479,0,No,07-08-2014,,,View
11/13/2016 0:58:33,@adityas_1,Aditya Sh‚Çπivastav üîµ,"RT @Being_Humor: Hi @MumbaiPolice #salt #rumours were spread by AAM AADMI PARTY Volunteer @sachintyagica. He tweeted to create chaos, later‚Ä¶",7.98E+17,Twitter for Android,186,271,1479,0,No,04-06-2014,"‡§ö‡§Ç‡§¶‡•å‡§∏‡•Ä (‡§∏‡§Ç‡§≠‡§≤) , ‡§≠‡§æ‡§∞‡§§",Nation_first -Proun Indian - Proun Hindu - Nationalist - Hanuman Bhakt - Namo fan Jai Hind #‡§ú‡§Ø_‡§∂‡•ç‡§∞‡•Ä_‡§∞‡§æ‡§Æ üôè,View
11/13/2016 1:30:06,@piyush_pooh,aaam Engineer,"RT @Being_Humor: Hi @MumbaiPolice #salt #rumours were spread by AAM AADMI PARTY Volunteer @sachintyagica. He tweeted to create chaos, later‚Ä¶",7.98E+17,Twitter for iPhone,608,481,1479,0,No,09-05-2011,,Lareeeerrrrr on..,View
,,,,,,,,,,,,,,
,,,,,,,,,,,,,,
,,,,,,,,,,,,,,
,,,,,,,,,,,,,,
,,,,,,,,,,,,,,
,,,,,,,,,,,,,,
,,,,,,,,,,,,,,
,,,,,,,,,,,,,,
,,,,,,,,,,,,,,
,,,,,,,,,,,,,,
,,,,,,,,,,,,,,
,,,,,,,,,,,,,,
,,,,,,,,,,,,,,
,,,,,,,,,,,,,,
,,,,,,,,,,,,,,
,,,,,,,,,,,,,,
,,,,,,,,,,,,,,
,,,,,,,,,,,,,,
,,,,,,,,,,,,,,
,,,,,,,,,,,,,,
,,,,,,,,,,,,,,
,,,,,,,,,,,,,,
,,,,,,,,,,,,,,
